{
  "Dummy_API" : {
    "transaction" : "Dummy_API",
    "sampleCount" : 5251,
    "errorCount" : 26,
    "errorPct" : 0.49514377,
    "meanResTime" : 473.3904018282232,
    "medianResTime" : 485.0,
    "minResTime" : 197.0,
    "maxResTime" : 23604.0,
    "pct1ResTime" : 560.8000000000002,
    "pct2ResTime" : 948.0,
    "pct3ResTime" : 974.0,
    "throughput" : 43.64594502489423,
    "receivedKBytesPerSec" : 62.250220006400184,
    "sentKBytesPerSec" : 10.342435611113881
  },
  "Total" : {
    "transaction" : "Total",
    "sampleCount" : 5251,
    "errorCount" : 26,
    "errorPct" : 0.49514377,
    "meanResTime" : 473.3904018282232,
    "medianResTime" : 485.0,
    "minResTime" : 197.0,
    "maxResTime" : 23604.0,
    "pct1ResTime" : 560.8000000000002,
    "pct2ResTime" : 948.0,
    "pct3ResTime" : 974.0,
    "throughput" : 43.64594502489423,
    "receivedKBytesPerSec" : 62.250220006400184,
    "sentKBytesPerSec" : 10.342435611113881
  }
}