{
  "update-student" : {
    "transaction" : "update-student",
    "sampleCount" : 60,
    "errorCount" : 0,
    "errorPct" : 0.0,
    "meanResTime" : 23.533333333333335,
    "medianResTime" : 28.0,
    "minResTime" : 10.0,
    "maxResTime" : 33.0,
    "pct1ResTime" : 30.0,
    "pct2ResTime" : 31.0,
    "pct3ResTime" : 33.0,
    "throughput" : 13.160780872998464,
    "receivedKBytesPerSec" : 5.230896304014038,
    "sentKBytesPerSec" : 4.2541195985961835
  },
  "delete-student" : {
    "transaction" : "delete-student",
    "sampleCount" : 59,
    "errorCount" : 0,
    "errorPct" : 0.0,
    "meanResTime" : 21.54237288135593,
    "medianResTime" : 16.0,
    "minResTime" : 7.0,
    "maxResTime" : 33.0,
    "pct1ResTime" : 31.0,
    "pct2ResTime" : 31.0,
    "pct3ResTime" : 33.0,
    "throughput" : 13.216845878136201,
    "receivedKBytesPerSec" : 5.098295040882616,
    "sentKBytesPerSec" : 2.736300123207885
  },
  "Total" : {
    "transaction" : "Total",
    "sampleCount" : 179,
    "errorCount" : 0,
    "errorPct" : 0.0,
    "meanResTime" : 24.20670391061453,
    "medianResTime" : 28.0,
    "minResTime" : 7.0,
    "maxResTime" : 129.0,
    "pct1ResTime" : 31.0,
    "pct2ResTime" : 32.0,
    "pct3ResTime" : 60.999999999999034,
    "throughput" : 37.53407422939819,
    "receivedKBytesPerSec" : 17.59921662036066,
    "sentKBytesPerSec" : 10.584307506814845
  },
  "add-student" : {
    "transaction" : "add-student",
    "sampleCount" : 60,
    "errorCount" : 0,
    "errorPct" : 0.0,
    "meanResTime" : 27.500000000000007,
    "medianResTime" : 28.0,
    "minResTime" : 10.0,
    "maxResTime" : 129.0,
    "pct1ResTime" : 37.29999999999999,
    "pct2ResTime" : 42.949999999999996,
    "pct3ResTime" : 129.0,
    "throughput" : 12.666244458518051,
    "receivedKBytesPerSec" : 7.879294648511716,
    "sentKBytesPerSec" : 3.9829401519949332
  }
}